nucleo-SMA1	/data1/u0176926/Anton/Nucleomics_Core/nucleo-SMA1_1.fastq.gz	/data1/u0176926/Anton/Nucleomics_Core/nucleo-SMA1_2.fastq.gz
nucleo-GA4	/data1/u0176926/Anton/Nucleomics_Core/nucleo-GA4_1.fastq.gz	/data1/u0176926/Anton/Nucleomics_Core/nucleo-GA4_2.fastq.gz
SP020	/data1/u0176926/Variant_Calling/raw_data/First_batch_Spastorianus/Clean/all_fastq/SP020_1.fq.gz	/data1/u0176926/Variant_Calling/raw_data/First_batch_Spastorianus/Clean/all_fastq/SP020_2.fq.gz
SP031	/data1/u0176926/Variant_Calling/raw_data/First_batch_Spastorianus/Clean/all_fastq/SP031_1.fq.gz	/data1/u0176926/Variant_Calling/raw_data/First_batch_Spastorianus/Clean/all_fastq/SP031_2.fq.gz
SP070	/data1/u0176926/Variant_Calling/raw_data/First_batch_Spastorianus/Clean/all_fastq/SP070_1.fq.gz	/data1/u0176926/Variant_Calling/raw_data/First_batch_Spastorianus/Clean/all_fastq/SP070_2.fq.gz
SP060	/data1/u0176926/Variant_Calling/raw_data/First_batch_Spastorianus/Clean/all_fastq/SP060_1.fq.gz	/data1/u0176926/Variant_Calling/raw_data/First_batch_Spastorianus/Clean/all_fastq/SP060_2.fq.gz
SP053	/data1/u0176926/Variant_Calling/raw_data/First_batch_Spastorianus/Clean/all_fastq/SP053_1.fq.gz	/data1/u0176926/Variant_Calling/raw_data/First_batch_Spastorianus/Clean/all_fastq/SP053_2.fq.gz
SP028	/data1/u0176926/Variant_Calling/raw_data/First_batch_Spastorianus/Clean/all_fastq/SP028_1.fq.gz	/data1/u0176926/Variant_Calling/raw_data/First_batch_Spastorianus/Clean/all_fastq/SP028_2.fq.gz
SP049	/data1/u0176926/Variant_Calling/raw_data/First_batch_Spastorianus/Clean/all_fastq/SP049_1.fq.gz	/data1/u0176926/Variant_Calling/raw_data/First_batch_Spastorianus/Clean/all_fastq/SP049_2.fq.gz
SP105	/data1/u0176926/Variant_Calling/raw_data/First_batch_Spastorianus/Clean/all_fastq/SP105_1.fq.gz	/data1/u0176926/Variant_Calling/raw_data/First_batch_Spastorianus/Clean/all_fastq/SP105_2.fq.gz
SP099	/data1/u0176926/Variant_Calling/raw_data/First_batch_Spastorianus/Clean/all_fastq/SP099_1.fq.gz	/data1/u0176926/Variant_Calling/raw_data/First_batch_Spastorianus/Clean/all_fastq/SP099_2.fq.gz
SP044	/data1/u0176926/Variant_Calling/raw_data/First_batch_Spastorianus/Clean/all_fastq/SP044_1.fq.gz	/data1/u0176926/Variant_Calling/raw_data/First_batch_Spastorianus/Clean/all_fastq/SP044_2.fq.gz
SP073	/data1/u0176926/Variant_Calling/raw_data/First_batch_Spastorianus/Clean/all_fastq/SP073_1.fq.gz	/data1/u0176926/Variant_Calling/raw_data/First_batch_Spastorianus/Clean/all_fastq/SP073_2.fq.gz
SP092	/data1/u0176926/Variant_Calling/raw_data/First_batch_Spastorianus/Clean/all_fastq/SP092_1.fq.gz	/data1/u0176926/Variant_Calling/raw_data/First_batch_Spastorianus/Clean/all_fastq/SP092_2.fq.gz
SP097	/data1/u0176926/Variant_Calling/raw_data/First_batch_Spastorianus/Clean/all_fastq/SP097_1.fq.gz	/data1/u0176926/Variant_Calling/raw_data/First_batch_Spastorianus/Clean/all_fastq/SP097_2.fq.gz
SP014	/data1/u0176926/Variant_Calling/raw_data/First_batch_Spastorianus/Clean/all_fastq/SP014_1.fq.gz	/data1/u0176926/Variant_Calling/raw_data/First_batch_Spastorianus/Clean/all_fastq/SP014_2.fq.gz
SP055	/data1/u0176926/Variant_Calling/raw_data/First_batch_Spastorianus/Clean/all_fastq/SP055_1.fq.gz	/data1/u0176926/Variant_Calling/raw_data/First_batch_Spastorianus/Clean/all_fastq/SP055_2.fq.gz
SP069	/data1/u0176926/Variant_Calling/raw_data/First_batch_Spastorianus/Clean/all_fastq/SP069_1.fq.gz	/data1/u0176926/Variant_Calling/raw_data/First_batch_Spastorianus/Clean/all_fastq/SP069_2.fq.gz
SP096	/data1/u0176926/Variant_Calling/raw_data/First_batch_Spastorianus/Clean/all_fastq/SP096_1.fq.gz	/data1/u0176926/Variant_Calling/raw_data/First_batch_Spastorianus/Clean/all_fastq/SP096_2.fq.gz
SP078	/data1/u0176926/Variant_Calling/raw_data/First_batch_Spastorianus/Clean/all_fastq/SP078_1.fq.gz	/data1/u0176926/Variant_Calling/raw_data/First_batch_Spastorianus/Clean/all_fastq/SP078_2.fq.gz
SP029	/data1/u0176926/Variant_Calling/raw_data/First_batch_Spastorianus/Clean/all_fastq/SP029_1.fq.gz	/data1/u0176926/Variant_Calling/raw_data/First_batch_Spastorianus/Clean/all_fastq/SP029_2.fq.gz
SP034	/data1/u0176926/Variant_Calling/raw_data/First_batch_Spastorianus/Clean/all_fastq/SP034_1.fq.gz	/data1/u0176926/Variant_Calling/raw_data/First_batch_Spastorianus/Clean/all_fastq/SP034_2.fq.gz
SP038	/data1/u0176926/Variant_Calling/raw_data/First_batch_Spastorianus/Clean/all_fastq/SP038_1.fq.gz	/data1/u0176926/Variant_Calling/raw_data/First_batch_Spastorianus/Clean/all_fastq/SP038_2.fq.gz
SP008	/data1/u0176926/Variant_Calling/raw_data/First_batch_Spastorianus/Clean/all_fastq/SP008_1.fq.gz	/data1/u0176926/Variant_Calling/raw_data/First_batch_Spastorianus/Clean/all_fastq/SP008_2.fq.gz
SP098	/data1/u0176926/Variant_Calling/raw_data/First_batch_Spastorianus/Clean/all_fastq/SP098_1.fq.gz	/data1/u0176926/Variant_Calling/raw_data/First_batch_Spastorianus/Clean/all_fastq/SP098_2.fq.gz
SP015	/data1/u0176926/Variant_Calling/raw_data/First_batch_Spastorianus/Clean/all_fastq/SP015_1.fq.gz	/data1/u0176926/Variant_Calling/raw_data/First_batch_Spastorianus/Clean/all_fastq/SP015_2.fq.gz
SP072	/data1/u0176926/Variant_Calling/raw_data/First_batch_Spastorianus/Clean/all_fastq/SP072_1.fq.gz	/data1/u0176926/Variant_Calling/raw_data/First_batch_Spastorianus/Clean/all_fastq/SP072_2.fq.gz
SP046	/data1/u0176926/Variant_Calling/raw_data/First_batch_Spastorianus/Clean/all_fastq/SP046_1.fq.gz	/data1/u0176926/Variant_Calling/raw_data/First_batch_Spastorianus/Clean/all_fastq/SP046_2.fq.gz
SP052	/data1/u0176926/Variant_Calling/raw_data/First_batch_Spastorianus/Clean/all_fastq/SP052_1.fq.gz	/data1/u0176926/Variant_Calling/raw_data/First_batch_Spastorianus/Clean/all_fastq/SP052_2.fq.gz
SP013	/data1/u0176926/Variant_Calling/raw_data/First_batch_Spastorianus/Clean/all_fastq/SP013_1.fq.gz	/data1/u0176926/Variant_Calling/raw_data/First_batch_Spastorianus/Clean/all_fastq/SP013_2.fq.gz
SP100	/data1/u0176926/Variant_Calling/raw_data/First_batch_Spastorianus/Clean/all_fastq/SP100_1.fq.gz	/data1/u0176926/Variant_Calling/raw_data/First_batch_Spastorianus/Clean/all_fastq/SP100_2.fq.gz
SP079	/data1/u0176926/Variant_Calling/raw_data/First_batch_Spastorianus/Clean/all_fastq/SP079_1.fq.gz	/data1/u0176926/Variant_Calling/raw_data/First_batch_Spastorianus/Clean/all_fastq/SP079_2.fq.gz
SP009	/data1/u0176926/Variant_Calling/raw_data/First_batch_Spastorianus/Clean/all_fastq/SP009_1.fq.gz	/data1/u0176926/Variant_Calling/raw_data/First_batch_Spastorianus/Clean/all_fastq/SP009_2.fq.gz
SP041	/data1/u0176926/Variant_Calling/raw_data/First_batch_Spastorianus/Clean/all_fastq/SP041_1.fq.gz	/data1/u0176926/Variant_Calling/raw_data/First_batch_Spastorianus/Clean/all_fastq/SP041_2.fq.gz
SP065	/data1/u0176926/Variant_Calling/raw_data/First_batch_Spastorianus/Clean/all_fastq/SP065_1.fq.gz	/data1/u0176926/Variant_Calling/raw_data/First_batch_Spastorianus/Clean/all_fastq/SP065_2.fq.gz
SP068	/data1/u0176926/Variant_Calling/raw_data/First_batch_Spastorianus/Clean/all_fastq/SP068_1.fq.gz	/data1/u0176926/Variant_Calling/raw_data/First_batch_Spastorianus/Clean/all_fastq/SP068_2.fq.gz
SP076	/data1/u0176926/Variant_Calling/raw_data/First_batch_Spastorianus/Clean/all_fastq/SP076_1.fq.gz	/data1/u0176926/Variant_Calling/raw_data/First_batch_Spastorianus/Clean/all_fastq/SP076_2.fq.gz
SP074	/data1/u0176926/Variant_Calling/raw_data/First_batch_Spastorianus/Clean/all_fastq/SP074_1.fq.gz	/data1/u0176926/Variant_Calling/raw_data/First_batch_Spastorianus/Clean/all_fastq/SP074_2.fq.gz
SP104	/data1/u0176926/Variant_Calling/raw_data/First_batch_Spastorianus/Clean/all_fastq/SP104_1.fq.gz	/data1/u0176926/Variant_Calling/raw_data/First_batch_Spastorianus/Clean/all_fastq/SP104_2.fq.gz
SP085	/data1/u0176926/Variant_Calling/raw_data/First_batch_Spastorianus/Clean/all_fastq/SP085_1.fq.gz	/data1/u0176926/Variant_Calling/raw_data/First_batch_Spastorianus/Clean/all_fastq/SP085_2.fq.gz
SP018	/data1/u0176926/Variant_Calling/raw_data/First_batch_Spastorianus/Clean/all_fastq/SP018_1.fq.gz	/data1/u0176926/Variant_Calling/raw_data/First_batch_Spastorianus/Clean/all_fastq/SP018_2.fq.gz
SP037	/data1/u0176926/Variant_Calling/raw_data/First_batch_Spastorianus/Clean/all_fastq/SP037_1.fq.gz	/data1/u0176926/Variant_Calling/raw_data/First_batch_Spastorianus/Clean/all_fastq/SP037_2.fq.gz
SP102	/data1/u0176926/Variant_Calling/raw_data/First_batch_Spastorianus/Clean/all_fastq/SP102_1.fq.gz	/data1/u0176926/Variant_Calling/raw_data/First_batch_Spastorianus/Clean/all_fastq/SP102_2.fq.gz
SP025	/data1/u0176926/Variant_Calling/raw_data/First_batch_Spastorianus/Clean/all_fastq/SP025_1.fq.gz	/data1/u0176926/Variant_Calling/raw_data/First_batch_Spastorianus/Clean/all_fastq/SP025_2.fq.gz
SP004	/data1/u0176926/Variant_Calling/raw_data/First_batch_Spastorianus/Clean/all_fastq/SP004_1.fq.gz	/data1/u0176926/Variant_Calling/raw_data/First_batch_Spastorianus/Clean/all_fastq/SP004_2.fq.gz
SP003	/data1/u0176926/Variant_Calling/raw_data/First_batch_Spastorianus/Clean/all_fastq/SP003_1.fq.gz	/data1/u0176926/Variant_Calling/raw_data/First_batch_Spastorianus/Clean/all_fastq/SP003_2.fq.gz
SP081	/data1/u0176926/Variant_Calling/raw_data/First_batch_Spastorianus/Clean/all_fastq/SP081_1.fq.gz	/data1/u0176926/Variant_Calling/raw_data/First_batch_Spastorianus/Clean/all_fastq/SP081_2.fq.gz
SP062	/data1/u0176926/Variant_Calling/raw_data/First_batch_Spastorianus/Clean/all_fastq/SP062_1.fq.gz	/data1/u0176926/Variant_Calling/raw_data/First_batch_Spastorianus/Clean/all_fastq/SP062_2.fq.gz
SP027	/data1/u0176926/Variant_Calling/raw_data/First_batch_Spastorianus/Clean/all_fastq/SP027_1.fq.gz	/data1/u0176926/Variant_Calling/raw_data/First_batch_Spastorianus/Clean/all_fastq/SP027_2.fq.gz
SP043	/data1/u0176926/Variant_Calling/raw_data/First_batch_Spastorianus/Clean/all_fastq/SP043_1.fq.gz	/data1/u0176926/Variant_Calling/raw_data/First_batch_Spastorianus/Clean/all_fastq/SP043_2.fq.gz
SP093	/data1/u0176926/Variant_Calling/raw_data/First_batch_Spastorianus/Clean/all_fastq/SP093_1.fq.gz	/data1/u0176926/Variant_Calling/raw_data/First_batch_Spastorianus/Clean/all_fastq/SP093_2.fq.gz
SP022	/data1/u0176926/Variant_Calling/raw_data/First_batch_Spastorianus/Clean/all_fastq/SP022_1.fq.gz	/data1/u0176926/Variant_Calling/raw_data/First_batch_Spastorianus/Clean/all_fastq/SP022_2.fq.gz
SP056	/data1/u0176926/Variant_Calling/raw_data/First_batch_Spastorianus/Clean/all_fastq/SP056_1.fq.gz	/data1/u0176926/Variant_Calling/raw_data/First_batch_Spastorianus/Clean/all_fastq/SP056_2.fq.gz
SP016	/data1/u0176926/Variant_Calling/raw_data/First_batch_Spastorianus/Clean/all_fastq/SP016_1.fq.gz	/data1/u0176926/Variant_Calling/raw_data/First_batch_Spastorianus/Clean/all_fastq/SP016_2.fq.gz
SP083	/data1/u0176926/Variant_Calling/raw_data/First_batch_Spastorianus/Clean/all_fastq/SP083_1.fq.gz	/data1/u0176926/Variant_Calling/raw_data/First_batch_Spastorianus/Clean/all_fastq/SP083_2.fq.gz
SP030	/data1/u0176926/Variant_Calling/raw_data/First_batch_Spastorianus/Clean/all_fastq/SP030_1.fq.gz	/data1/u0176926/Variant_Calling/raw_data/First_batch_Spastorianus/Clean/all_fastq/SP030_2.fq.gz
SP045	/data1/u0176926/Variant_Calling/raw_data/First_batch_Spastorianus/Clean/all_fastq/SP045_1.fq.gz	/data1/u0176926/Variant_Calling/raw_data/First_batch_Spastorianus/Clean/all_fastq/SP045_2.fq.gz
SP101	/data1/u0176926/Variant_Calling/raw_data/First_batch_Spastorianus/Clean/all_fastq/SP101_1.fq.gz	/data1/u0176926/Variant_Calling/raw_data/First_batch_Spastorianus/Clean/all_fastq/SP101_2.fq.gz
SP064	/data1/u0176926/Variant_Calling/raw_data/First_batch_Spastorianus/Clean/all_fastq/SP064_1.fq.gz	/data1/u0176926/Variant_Calling/raw_data/First_batch_Spastorianus/Clean/all_fastq/SP064_2.fq.gz
SP077	/data1/u0176926/Variant_Calling/raw_data/First_batch_Spastorianus/Clean/all_fastq/SP077_1.fq.gz	/data1/u0176926/Variant_Calling/raw_data/First_batch_Spastorianus/Clean/all_fastq/SP077_2.fq.gz
SP035	/data1/u0176926/Variant_Calling/raw_data/First_batch_Spastorianus/Clean/all_fastq/SP035_1.fq.gz	/data1/u0176926/Variant_Calling/raw_data/First_batch_Spastorianus/Clean/all_fastq/SP035_2.fq.gz
SP026	/data1/u0176926/Variant_Calling/raw_data/First_batch_Spastorianus/Clean/all_fastq/SP026_1.fq.gz	/data1/u0176926/Variant_Calling/raw_data/First_batch_Spastorianus/Clean/all_fastq/SP026_2.fq.gz
SP080	/data1/u0176926/Variant_Calling/raw_data/First_batch_Spastorianus/Clean/all_fastq/SP080_1.fq.gz	/data1/u0176926/Variant_Calling/raw_data/First_batch_Spastorianus/Clean/all_fastq/SP080_2.fq.gz
SP107	/data1/u0176926/Variant_Calling/raw_data/First_batch_Spastorianus/Clean/all_fastq/SP107_1.fq.gz	/data1/u0176926/Variant_Calling/raw_data/First_batch_Spastorianus/Clean/all_fastq/SP107_2.fq.gz
SP012	/data1/u0176926/Variant_Calling/raw_data/First_batch_Spastorianus/Clean/all_fastq/SP012_1.fq.gz	/data1/u0176926/Variant_Calling/raw_data/First_batch_Spastorianus/Clean/all_fastq/SP012_2.fq.gz
SP091	/data1/u0176926/Variant_Calling/raw_data/First_batch_Spastorianus/Clean/all_fastq/SP091_1.fq.gz	/data1/u0176926/Variant_Calling/raw_data/First_batch_Spastorianus/Clean/all_fastq/SP091_2.fq.gz
SP088	/data1/u0176926/Variant_Calling/raw_data/First_batch_Spastorianus/Clean/all_fastq/SP088_1.fq.gz	/data1/u0176926/Variant_Calling/raw_data/First_batch_Spastorianus/Clean/all_fastq/SP088_2.fq.gz
SP005	/data1/u0176926/Variant_Calling/raw_data/First_batch_Spastorianus/Clean/all_fastq/SP005_1.fq.gz	/data1/u0176926/Variant_Calling/raw_data/First_batch_Spastorianus/Clean/all_fastq/SP005_2.fq.gz
SP094	/data1/u0176926/Variant_Calling/raw_data/First_batch_Spastorianus/Clean/all_fastq/SP094_1.fq.gz	/data1/u0176926/Variant_Calling/raw_data/First_batch_Spastorianus/Clean/all_fastq/SP094_2.fq.gz
SP051	/data1/u0176926/Variant_Calling/raw_data/First_batch_Spastorianus/Clean/all_fastq/SP051_1.fq.gz	/data1/u0176926/Variant_Calling/raw_data/First_batch_Spastorianus/Clean/all_fastq/SP051_2.fq.gz
SP106	/data1/u0176926/Variant_Calling/raw_data/First_batch_Spastorianus/Clean/all_fastq/SP106_1.fq.gz	/data1/u0176926/Variant_Calling/raw_data/First_batch_Spastorianus/Clean/all_fastq/SP106_2.fq.gz
SP033	/data1/u0176926/Variant_Calling/raw_data/First_batch_Spastorianus/Clean/all_fastq/SP033_1.fq.gz	/data1/u0176926/Variant_Calling/raw_data/First_batch_Spastorianus/Clean/all_fastq/SP033_2.fq.gz
SP075	/data1/u0176926/Variant_Calling/raw_data/First_batch_Spastorianus/Clean/all_fastq/SP075_1.fq.gz	/data1/u0176926/Variant_Calling/raw_data/First_batch_Spastorianus/Clean/all_fastq/SP075_2.fq.gz
SP007	/data1/u0176926/Variant_Calling/raw_data/First_batch_Spastorianus/Clean/all_fastq/SP007_1.fq.gz	/data1/u0176926/Variant_Calling/raw_data/First_batch_Spastorianus/Clean/all_fastq/SP007_2.fq.gz
SP036	/data1/u0176926/Variant_Calling/raw_data/First_batch_Spastorianus/Clean/all_fastq/SP036_1.fq.gz	/data1/u0176926/Variant_Calling/raw_data/First_batch_Spastorianus/Clean/all_fastq/SP036_2.fq.gz
SP071	/data1/u0176926/Variant_Calling/raw_data/First_batch_Spastorianus/Clean/all_fastq/SP071_1.fq.gz	/data1/u0176926/Variant_Calling/raw_data/First_batch_Spastorianus/Clean/all_fastq/SP071_2.fq.gz
SP050	/data1/u0176926/Variant_Calling/raw_data/First_batch_Spastorianus/Clean/all_fastq/SP050_1.fq.gz	/data1/u0176926/Variant_Calling/raw_data/First_batch_Spastorianus/Clean/all_fastq/SP050_2.fq.gz
SP039	/data1/u0176926/Variant_Calling/raw_data/First_batch_Spastorianus/Clean/all_fastq/SP039_1.fq.gz	/data1/u0176926/Variant_Calling/raw_data/First_batch_Spastorianus/Clean/all_fastq/SP039_2.fq.gz
SP019	/data1/u0176926/Variant_Calling/raw_data/First_batch_Spastorianus/Clean/all_fastq/SP019_1.fq.gz	/data1/u0176926/Variant_Calling/raw_data/First_batch_Spastorianus/Clean/all_fastq/SP019_2.fq.gz
SP103	/data1/u0176926/Variant_Calling/raw_data/First_batch_Spastorianus/Clean/all_fastq/SP103_1.fq.gz	/data1/u0176926/Variant_Calling/raw_data/First_batch_Spastorianus/Clean/all_fastq/SP103_2.fq.gz
SP048	/data1/u0176926/Variant_Calling/raw_data/First_batch_Spastorianus/Clean/all_fastq/SP048_1.fq.gz	/data1/u0176926/Variant_Calling/raw_data/First_batch_Spastorianus/Clean/all_fastq/SP048_2.fq.gz
SP054	/data1/u0176926/Variant_Calling/raw_data/First_batch_Spastorianus/Clean/all_fastq/SP054_1.fq.gz	/data1/u0176926/Variant_Calling/raw_data/First_batch_Spastorianus/Clean/all_fastq/SP054_2.fq.gz
SP086	/data1/u0176926/Variant_Calling/raw_data/First_batch_Spastorianus/Clean/all_fastq/SP086_1.fq.gz	/data1/u0176926/Variant_Calling/raw_data/First_batch_Spastorianus/Clean/all_fastq/SP086_2.fq.gz
SP059	/data1/u0176926/Variant_Calling/raw_data/First_batch_Spastorianus/Clean/all_fastq/SP059_1.fq.gz	/data1/u0176926/Variant_Calling/raw_data/First_batch_Spastorianus/Clean/all_fastq/SP059_2.fq.gz
SP011	/data1/u0176926/Variant_Calling/raw_data/First_batch_Spastorianus/Clean/all_fastq/SP011_1.fq.gz	/data1/u0176926/Variant_Calling/raw_data/First_batch_Spastorianus/Clean/all_fastq/SP011_2.fq.gz
SP087	/data1/u0176926/Variant_Calling/raw_data/First_batch_Spastorianus/Clean/all_fastq/SP087_1.fq.gz	/data1/u0176926/Variant_Calling/raw_data/First_batch_Spastorianus/Clean/all_fastq/SP087_2.fq.gz
SP061	/data1/u0176926/Variant_Calling/raw_data/First_batch_Spastorianus/Clean/all_fastq/SP061_1.fq.gz	/data1/u0176926/Variant_Calling/raw_data/First_batch_Spastorianus/Clean/all_fastq/SP061_2.fq.gz
SP042	/data1/u0176926/Variant_Calling/raw_data/First_batch_Spastorianus/Clean/all_fastq/SP042_1.fq.gz	/data1/u0176926/Variant_Calling/raw_data/First_batch_Spastorianus/Clean/all_fastq/SP042_2.fq.gz
SP023	/data1/u0176926/Variant_Calling/raw_data/First_batch_Spastorianus/Clean/all_fastq/SP023_1.fq.gz	/data1/u0176926/Variant_Calling/raw_data/First_batch_Spastorianus/Clean/all_fastq/SP023_2.fq.gz
SP063	/data1/u0176926/Variant_Calling/raw_data/First_batch_Spastorianus/Clean/all_fastq/SP063_1.fq.gz	/data1/u0176926/Variant_Calling/raw_data/First_batch_Spastorianus/Clean/all_fastq/SP063_2.fq.gz
SP066	/data1/u0176926/Variant_Calling/raw_data/First_batch_Spastorianus/Clean/all_fastq/SP066_1.fq.gz	/data1/u0176926/Variant_Calling/raw_data/First_batch_Spastorianus/Clean/all_fastq/SP066_2.fq.gz
SP001	/data1/u0176926/Variant_Calling/raw_data/First_batch_Spastorianus/Clean/all_fastq/SP001_1.fq.gz	/data1/u0176926/Variant_Calling/raw_data/First_batch_Spastorianus/Clean/all_fastq/SP001_2.fq.gz
SP057	/data1/u0176926/Variant_Calling/raw_data/First_batch_Spastorianus/Clean/all_fastq/SP057_1.fq.gz	/data1/u0176926/Variant_Calling/raw_data/First_batch_Spastorianus/Clean/all_fastq/SP057_2.fq.gz
SP082	/data1/u0176926/Variant_Calling/raw_data/First_batch_Spastorianus/Clean/all_fastq/SP082_1.fq.gz	/data1/u0176926/Variant_Calling/raw_data/First_batch_Spastorianus/Clean/all_fastq/SP082_2.fq.gz
SP067	/data1/u0176926/Variant_Calling/raw_data/First_batch_Spastorianus/Clean/all_fastq/SP067_1.fq.gz	/data1/u0176926/Variant_Calling/raw_data/First_batch_Spastorianus/Clean/all_fastq/SP067_2.fq.gz
SP024	/data1/u0176926/Variant_Calling/raw_data/First_batch_Spastorianus/Clean/all_fastq/SP024_1.fq.gz	/data1/u0176926/Variant_Calling/raw_data/First_batch_Spastorianus/Clean/all_fastq/SP024_2.fq.gz
SP089	/data1/u0176926/Variant_Calling/raw_data/First_batch_Spastorianus/Clean/all_fastq/SP089_1.fq.gz	/data1/u0176926/Variant_Calling/raw_data/First_batch_Spastorianus/Clean/all_fastq/SP089_2.fq.gz
SP002	/data1/u0176926/Variant_Calling/raw_data/First_batch_Spastorianus/Clean/all_fastq/SP002_1.fq.gz	/data1/u0176926/Variant_Calling/raw_data/First_batch_Spastorianus/Clean/all_fastq/SP002_2.fq.gz
SP032	/data1/u0176926/Variant_Calling/raw_data/First_batch_Spastorianus/Clean/all_fastq/SP032_1.fq.gz	/data1/u0176926/Variant_Calling/raw_data/First_batch_Spastorianus/Clean/all_fastq/SP032_2.fq.gz
SP021	/data1/u0176926/Variant_Calling/raw_data/First_batch_Spastorianus/Clean/all_fastq/SP021_1.fq.gz	/data1/u0176926/Variant_Calling/raw_data/First_batch_Spastorianus/Clean/all_fastq/SP021_2.fq.gz
SP090	/data1/u0176926/Variant_Calling/raw_data/First_batch_Spastorianus/Clean/all_fastq/SP090_1.fq.gz	/data1/u0176926/Variant_Calling/raw_data/First_batch_Spastorianus/Clean/all_fastq/SP090_2.fq.gz
SP010	/data1/u0176926/Variant_Calling/raw_data/First_batch_Spastorianus/Clean/all_fastq/SP010_1.fq.gz	/data1/u0176926/Variant_Calling/raw_data/First_batch_Spastorianus/Clean/all_fastq/SP010_2.fq.gz
SP047	/data1/u0176926/Variant_Calling/raw_data/First_batch_Spastorianus/Clean/all_fastq/SP047_1.fq.gz	/data1/u0176926/Variant_Calling/raw_data/First_batch_Spastorianus/Clean/all_fastq/SP047_2.fq.gz
SP095	/data1/u0176926/Variant_Calling/raw_data/First_batch_Spastorianus/Clean/all_fastq/SP095_1.fq.gz	/data1/u0176926/Variant_Calling/raw_data/First_batch_Spastorianus/Clean/all_fastq/SP095_2.fq.gz
SP058	/data1/u0176926/Variant_Calling/raw_data/First_batch_Spastorianus/Clean/all_fastq/SP058_1.fq.gz	/data1/u0176926/Variant_Calling/raw_data/First_batch_Spastorianus/Clean/all_fastq/SP058_2.fq.gz
SP084	/data1/u0176926/Variant_Calling/raw_data/First_batch_Spastorianus/Clean/all_fastq/SP084_1.fq.gz	/data1/u0176926/Variant_Calling/raw_data/First_batch_Spastorianus/Clean/all_fastq/SP084_2.fq.gz
SP108	/data1/u0176926/Variant_Calling/raw_data/First_batch_Spastorianus/Clean/all_fastq/SP108_1.fq.gz	/data1/u0176926/Variant_Calling/raw_data/First_batch_Spastorianus/Clean/all_fastq/SP108_2.fq.gz
SP006	/data1/u0176926/Variant_Calling/raw_data/First_batch_Spastorianus/Clean/all_fastq/SP006_1.fq.gz	/data1/u0176926/Variant_Calling/raw_data/First_batch_Spastorianus/Clean/all_fastq/SP006_2.fq.gz
SP017	/data1/u0176926/Variant_Calling/raw_data/First_batch_Spastorianus/Clean/all_fastq/SP017_1.fq.gz	/data1/u0176926/Variant_Calling/raw_data/First_batch_Spastorianus/Clean/all_fastq/SP017_2.fq.gz
SP040	/data1/u0176926/Variant_Calling/raw_data/First_batch_Spastorianus/Clean/all_fastq/SP040_1.fq.gz	/data1/u0176926/Variant_Calling/raw_data/First_batch_Spastorianus/Clean/all_fastq/SP040_2.fq.gz
spast29	/data1/u0176926/Variant_Calling/raw_data/318_Industrials_dropbox/spast29_1.fastq.gz	/data1/u0176926/Variant_Calling/raw_data/318_Industrials_dropbox/spast29_2.fastq.gz
spast11	/data1/u0176926/Variant_Calling/raw_data/318_Industrials_dropbox/spast11_1.fastq.gz	/data1/u0176926/Variant_Calling/raw_data/318_Industrials_dropbox/spast11_2.fastq.gz
spast18	/data1/u0176926/Variant_Calling/raw_data/318_Industrials_dropbox/spast18_1.fastq.gz	/data1/u0176926/Variant_Calling/raw_data/318_Industrials_dropbox/spast18_2.fastq.gz
spast15	/data1/u0176926/Variant_Calling/raw_data/318_Industrials_dropbox/spast15_1.fastq.gz	/data1/u0176926/Variant_Calling/raw_data/318_Industrials_dropbox/spast15_2.fastq.gz
spast17	/data1/u0176926/Variant_Calling/raw_data/318_Industrials_dropbox/spast17_1.fastq.gz	/data1/u0176926/Variant_Calling/raw_data/318_Industrials_dropbox/spast17_2.fastq.gz
spast26	/data1/u0176926/Variant_Calling/raw_data/318_Industrials_dropbox/spast26_1.fastq.gz	/data1/u0176926/Variant_Calling/raw_data/318_Industrials_dropbox/spast26_2.fastq.gz
spast49	/data1/u0176926/Variant_Calling/raw_data/318_Industrials_dropbox/spast49_1.fastq.gz	/data1/u0176926/Variant_Calling/raw_data/318_Industrials_dropbox/spast49_2.fastq.gz
spast48	/data1/u0176926/Variant_Calling/raw_data/318_Industrials_dropbox/spast48_1.fastq.gz	/data1/u0176926/Variant_Calling/raw_data/318_Industrials_dropbox/spast48_2.fastq.gz
spast45	/data1/u0176926/Variant_Calling/raw_data/318_Industrials_dropbox/spast45_1.fastq.gz	/data1/u0176926/Variant_Calling/raw_data/318_Industrials_dropbox/spast45_2.fastq.gz
spast44	/data1/u0176926/Variant_Calling/raw_data/318_Industrials_dropbox/spast44_1.fastq.gz	/data1/u0176926/Variant_Calling/raw_data/318_Industrials_dropbox/spast44_2.fastq.gz
spast42	/data1/u0176926/Variant_Calling/raw_data/318_Industrials_dropbox/spast42_1.fastq.gz	/data1/u0176926/Variant_Calling/raw_data/318_Industrials_dropbox/spast42_2.fastq.gz
spast47	/data1/u0176926/Variant_Calling/raw_data/318_Industrials_dropbox/spast47_1.fastq.gz	/data1/u0176926/Variant_Calling/raw_data/318_Industrials_dropbox/spast47_2.fastq.gz
spast40	/data1/u0176926/Variant_Calling/raw_data/318_Industrials_dropbox/spast40_1.fastq.gz	/data1/u0176926/Variant_Calling/raw_data/318_Industrials_dropbox/spast40_2.fastq.gz
spast4	/data1/u0176926/Variant_Calling/raw_data/318_Industrials_dropbox/spast4_1.fastq.gz	/data1/u0176926/Variant_Calling/raw_data/318_Industrials_dropbox/spast4_2.fastq.gz
spast43	/data1/u0176926/Variant_Calling/raw_data/318_Industrials_dropbox/spast43_1.fastq.gz	/data1/u0176926/Variant_Calling/raw_data/318_Industrials_dropbox/spast43_2.fastq.gz
spast46	/data1/u0176926/Variant_Calling/raw_data/318_Industrials_dropbox/spast46_1.fastq.gz	/data1/u0176926/Variant_Calling/raw_data/318_Industrials_dropbox/spast46_2.fastq.gz
spast41	/data1/u0176926/Variant_Calling/raw_data/318_Industrials_dropbox/spast41_1.fastq.gz	/data1/u0176926/Variant_Calling/raw_data/318_Industrials_dropbox/spast41_2.fastq.gz
spast22	/data1/u0176926/Variant_Calling/raw_data/318_Industrials_dropbox/spast22_1.fastq.gz	/data1/u0176926/Variant_Calling/raw_data/318_Industrials_dropbox/spast22_2.fastq.gz
spast19	/data1/u0176926/Variant_Calling/raw_data/318_Industrials_dropbox/spast19_1.fastq.gz	/data1/u0176926/Variant_Calling/raw_data/318_Industrials_dropbox/spast19_2.fastq.gz
spast20	/data1/u0176926/Variant_Calling/raw_data/318_Industrials_dropbox/spast20_1.fastq.gz	/data1/u0176926/Variant_Calling/raw_data/318_Industrials_dropbox/spast20_2.fastq.gz
spast5	/data1/u0176926/Variant_Calling/raw_data/318_Industrials_dropbox/spast5_1.fastq.gz	/data1/u0176926/Variant_Calling/raw_data/318_Industrials_dropbox/spast5_2.fastq.gz
spast9	/data1/u0176926/Variant_Calling/raw_data/318_Industrials_dropbox/spast9_1.fastq.gz	/data1/u0176926/Variant_Calling/raw_data/318_Industrials_dropbox/spast9_2.fastq.gz
spast39	/data1/u0176926/Variant_Calling/raw_data/318_Industrials_dropbox/spast39_1.fastq.gz	/data1/u0176926/Variant_Calling/raw_data/318_Industrials_dropbox/spast39_2.fastq.gz
spast41	/data1/u0176926/Variant_Calling/raw_data/318_Industrials_dropbox/spast41_1.fastq.gz	/data1/u0176926/Variant_Calling/raw_data/318_Industrials_dropbox/spast41_2.fastq.gz
spast40	/data1/u0176926/Variant_Calling/raw_data/318_Industrials_dropbox/spast40_1.fastq.gz	/data1/u0176926/Variant_Calling/raw_data/318_Industrials_dropbox/spast40_2.fastq.gz
Indus_beer19	/data1/u0176926/Variant_Calling/raw_data/318_Industrials_dropbox/Indus_beer19_1.fastq.gz	/data1/u0176926/Variant_Calling/raw_data/318_Industrials_dropbox/Indus_beer19_2.fastq.gz
spast37	/data1/u0176926/Variant_Calling/raw_data/318_Industrials_dropbox/spast37_1.fastq.gz	/data1/u0176926/Variant_Calling/raw_data/318_Industrials_dropbox/spast37_2.fastq.gz
spast27	/data1/u0176926/Variant_Calling/raw_data/318_Industrials_dropbox/spast27_1.fastq.gz	/data1/u0176926/Variant_Calling/raw_data/318_Industrials_dropbox/spast27_2.fastq.gz
spast7	/data1/u0176926/Variant_Calling/raw_data/318_Industrials_dropbox/spast7_1.fastq.gz	/data1/u0176926/Variant_Calling/raw_data/318_Industrials_dropbox/spast7_2.fastq.gz
spast21	/data1/u0176926/Variant_Calling/raw_data/318_Industrials_dropbox/spast21_1.fastq.gz	/data1/u0176926/Variant_Calling/raw_data/318_Industrials_dropbox/spast21_2.fastq.gz
spast16	/data1/u0176926/Variant_Calling/raw_data/318_Industrials_dropbox/spast16_1.fastq.gz	/data1/u0176926/Variant_Calling/raw_data/318_Industrials_dropbox/spast16_2.fastq.gz
spast28	/data1/u0176926/Variant_Calling/raw_data/318_Industrials_dropbox/spast28_1.fastq.gz	/data1/u0176926/Variant_Calling/raw_data/318_Industrials_dropbox/spast28_2.fastq.gz
spast23	/data1/u0176926/Variant_Calling/raw_data/318_Industrials_dropbox/spast23_1.fastq.gz	/data1/u0176926/Variant_Calling/raw_data/318_Industrials_dropbox/spast23_2.fastq.gz
spast13	/data1/u0176926/Variant_Calling/raw_data/318_Industrials_dropbox/spast13_1.fastq.gz	/data1/u0176926/Variant_Calling/raw_data/318_Industrials_dropbox/spast13_2.fastq.gz
spast8	/data1/u0176926/Variant_Calling/raw_data/318_Industrials_dropbox/spast8_1.fastq.gz	/data1/u0176926/Variant_Calling/raw_data/318_Industrials_dropbox/spast8_2.fastq.gz
spast14	/data1/u0176926/Variant_Calling/raw_data/318_Industrials_dropbox/spast14_1.fastq.gz	/data1/u0176926/Variant_Calling/raw_data/318_Industrials_dropbox/spast14_2.fastq.gz
spast10	/data1/u0176926/Variant_Calling/raw_data/318_Industrials_dropbox/spast10_1.fastq.gz	/data1/u0176926/Variant_Calling/raw_data/318_Industrials_dropbox/spast10_2.fastq.gz
spast24	/data1/u0176926/Variant_Calling/raw_data/318_Industrials_dropbox/spast24_1.fastq.gz	/data1/u0176926/Variant_Calling/raw_data/318_Industrials_dropbox/spast24_2.fastq.gz
spast12	/data1/u0176926/Variant_Calling/raw_data/318_Industrials_dropbox/spast12_1.fastq.gz	/data1/u0176926/Variant_Calling/raw_data/318_Industrials_dropbox/spast12_2.fastq.gz
spast6	/data1/u0176926/Variant_Calling/raw_data/318_Industrials_dropbox/spast6_1.fastq.gz	/data1/u0176926/Variant_Calling/raw_data/318_Industrials_dropbox/spast6_2.fastq.gz
spast25	/data1/u0176926/Variant_Calling/raw_data/318_Industrials_dropbox/spast25_1.fastq.gz	/data1/u0176926/Variant_Calling/raw_data/318_Industrials_dropbox/spast25_2.fastq.gz
spast30	/data1/u0176926/Variant_Calling/raw_data/318_Industrials_dropbox/spast30_1.fastq.gz	/data1/u0176926/Variant_Calling/raw_data/318_Industrials_dropbox/spast30_2.fastq.gz
1670B	/data1/u0176926/Variant_Calling/raw_data/20181121_RAWDATA/1670B_1.fastq.gz	/data1/u0176926/Variant_Calling/raw_data/20181121_RAWDATA/1670B_2.fastq.gz
1676	/data1/u0176926/Variant_Calling/raw_data/20181121_RAWDATA/1676_1.fastq.gz	/data1/u0176926/Variant_Calling/raw_data/20181121_RAWDATA/1676_2.fastq.gz
1760	/data1/u0176926/Variant_Calling/raw_data/20181121_RAWDATA/1760_1.fastq.gz	/data1/u0176926/Variant_Calling/raw_data/20181121_RAWDATA/1760_2.fastq.gz
1540	/data1/u0176926/Variant_Calling/raw_data/20181121_RAWDATA/1540_1.fastq.gz	/data1/u0176926/Variant_Calling/raw_data/20181121_RAWDATA/1540_2.fastq.gz
1663C	/data1/u0176926/Variant_Calling/raw_data/20181121_RAWDATA/1663C_1.fastq.gz	/data1/u0176926/Variant_Calling/raw_data/20181121_RAWDATA/1663C_2.fastq.gz
1766	/data1/u0176926/Variant_Calling/raw_data/20181121_RAWDATA/1766_1.fastq.gz	/data1/u0176926/Variant_Calling/raw_data/20181121_RAWDATA/1766_2.fastq.gz
1772	/data1/u0176926/Variant_Calling/raw_data/20181121_RAWDATA/1772_1.fastq.gz	/data1/u0176926/Variant_Calling/raw_data/20181121_RAWDATA/1772_2.fastq.gz
1761	/data1/u0176926/Variant_Calling/raw_data/20181121_RAWDATA/1761_1.fastq.gz	/data1/u0176926/Variant_Calling/raw_data/20181121_RAWDATA/1761_2.fastq.gz
1765	/data1/u0176926/Variant_Calling/raw_data/20181121_RAWDATA/1765_1.fastq.gz	/data1/u0176926/Variant_Calling/raw_data/20181121_RAWDATA/1765_2.fastq.gz
1719	/data1/u0176926/Variant_Calling/raw_data/20181121_RAWDATA/1719_1.fastq.gz	/data1/u0176926/Variant_Calling/raw_data/20181121_RAWDATA/1719_2.fastq.gz
1763A	/data1/u0176926/Variant_Calling/raw_data/20181121_RAWDATA/1763A_1.fastq.gz	/data1/u0176926/Variant_Calling/raw_data/20181121_RAWDATA/1763A_2.fastq.gz
2338	/data1/u0176926/Variant_Calling/raw_data/20181121_RAWDATA/2338_1.fastq.gz	/data1/u0176926/Variant_Calling/raw_data/20181121_RAWDATA/2338_2.fastq.gz
2400	/data1/u0176926/Variant_Calling/raw_data/20181121_RAWDATA/2400_1.fastq.gz	/data1/u0176926/Variant_Calling/raw_data/20181121_RAWDATA/2400_2.fastq.gz
1769	/data1/u0176926/Variant_Calling/raw_data/20181121_RAWDATA/1769_1.fastq.gz	/data1/u0176926/Variant_Calling/raw_data/20181121_RAWDATA/1769_2.fastq.gz
2195A	/data1/u0176926/Variant_Calling/raw_data/20181121_RAWDATA/2195A_1.fastq.gz	/data1/u0176926/Variant_Calling/raw_data/20181121_RAWDATA/2195A_2.fastq.gz
2195C	/data1/u0176926/Variant_Calling/raw_data/20181121_RAWDATA/2195C_1.fastq.gz	/data1/u0176926/Variant_Calling/raw_data/20181121_RAWDATA/2195C_2.fastq.gz
2195H	/data1/u0176926/Variant_Calling/raw_data/20181121_RAWDATA/2195H_1.fastq.gz	/data1/u0176926/Variant_Calling/raw_data/20181121_RAWDATA/2195H_2.fastq.gz
2195H	/data1/u0176926/Variant_Calling/raw_data/20181121_RAWDATA/2195H_1.fastq.gz	/data1/u0176926/Variant_Calling/raw_data/20181121_RAWDATA/2195H_2.fastq.gz
2195A	/data1/u0176926/Variant_Calling/raw_data/20181121_RAWDATA/2195A_1.fastq.gz	/data1/u0176926/Variant_Calling/raw_data/20181121_RAWDATA/2195A_2.fastq.gz
2195C	/data1/u0176926/Variant_Calling/raw_data/20181121_RAWDATA/2195C_1.fastq.gz	/data1/u0176926/Variant_Calling/raw_data/20181121_RAWDATA/2195C_2.fastq.gz
2195	/data1/u0176926/Variant_Calling/raw_data/20181121_RAWDATA/2195_1.fastq.gz	/data1/u0176926/Variant_Calling/raw_data/20181121_RAWDATA/2195_2.fastq.gz
1770A	/data1/u0176926/Variant_Calling/raw_data/20181121_RAWDATA/1770A_1.fastq.gz	/data1/u0176926/Variant_Calling/raw_data/20181121_RAWDATA/1770A_2.fastq.gz
1547G	/data1/u0176926/Variant_Calling/raw_data/20181121_RAWDATA/1547G_1.fastq.gz	/data1/u0176926/Variant_Calling/raw_data/20181121_RAWDATA/1547G_2.fastq.gz
1672	/data1/u0176926/Variant_Calling/raw_data/20181121_RAWDATA/1672_1.fastq.gz	/data1/u0176926/Variant_Calling/raw_data/20181121_RAWDATA/1672_2.fastq.gz
1510K	/data1/u0176926/Variant_Calling/raw_data/20181121_RAWDATA/1510K_1.fastq.gz	/data1/u0176926/Variant_Calling/raw_data/20181121_RAWDATA/1510K_2.fastq.gz
1721	/data1/u0176926/Variant_Calling/raw_data/20181121_RAWDATA/1721_1.fastq.gz	/data1/u0176926/Variant_Calling/raw_data/20181121_RAWDATA/1721_2.fastq.gz
SP55	/data1/u0176926/Variant_Calling/raw_data/Second_batch_Spastorianus/SP55_1.fastq.gz	/data1/u0176926/Variant_Calling/raw_data/Second_batch_Spastorianus/SP55_2.fastq.gz
SP100a	/data1/u0176926/Variant_Calling/raw_data/Second_batch_Spastorianus/SP100a_1.fastq.gz	/data1/u0176926/Variant_Calling/raw_data/Second_batch_Spastorianus/SP100a_2.fastq.gz
SP47	/data1/u0176926/Variant_Calling/raw_data/Second_batch_Spastorianus/SP47_1.fastq.gz	/data1/u0176926/Variant_Calling/raw_data/Second_batch_Spastorianus/SP47_2.fastq.gz
SP40	/data1/u0176926/Variant_Calling/raw_data/Second_batch_Spastorianus/SP40_1.fastq.gz	/data1/u0176926/Variant_Calling/raw_data/Second_batch_Spastorianus/SP40_2.fastq.gz
SP155	/data1/u0176926/Variant_Calling/raw_data/Second_batch_Spastorianus/SP155_1.fastq.gz	/data1/u0176926/Variant_Calling/raw_data/Second_batch_Spastorianus/SP155_2.fastq.gz
SP163	/data1/u0176926/Variant_Calling/raw_data/Second_batch_Spastorianus/SP163_1.fastq.gz	/data1/u0176926/Variant_Calling/raw_data/Second_batch_Spastorianus/SP163_2.fastq.gz
SP20	/data1/u0176926/Variant_Calling/raw_data/Second_batch_Spastorianus/SP20_1.fastq.gz	/data1/u0176926/Variant_Calling/raw_data/Second_batch_Spastorianus/SP20_2.fastq.gz
SP151	/data1/u0176926/Variant_Calling/raw_data/Second_batch_Spastorianus/SP151_1.fastq.gz	/data1/u0176926/Variant_Calling/raw_data/Second_batch_Spastorianus/SP151_2.fastq.gz
SP148	/data1/u0176926/Variant_Calling/raw_data/Second_batch_Spastorianus/SP148_1.fastq.gz	/data1/u0176926/Variant_Calling/raw_data/Second_batch_Spastorianus/SP148_2.fastq.gz
SP105a	/data1/u0176926/Variant_Calling/raw_data/Second_batch_Spastorianus/SP105a_1.fastq.gz	/data1/u0176926/Variant_Calling/raw_data/Second_batch_Spastorianus/SP105a_2.fastq.gz
SP95	/data1/u0176926/Variant_Calling/raw_data/Second_batch_Spastorianus/SP95_1.fastq.gz	/data1/u0176926/Variant_Calling/raw_data/Second_batch_Spastorianus/SP95_2.fastq.gz
SP69	/data1/u0176926/Variant_Calling/raw_data/Second_batch_Spastorianus/SP69_1.fastq.gz	/data1/u0176926/Variant_Calling/raw_data/Second_batch_Spastorianus/SP69_2.fastq.gz
SP179	/data1/u0176926/Variant_Calling/raw_data/Second_batch_Spastorianus/SP179_1.fastq.gz	/data1/u0176926/Variant_Calling/raw_data/Second_batch_Spastorianus/SP179_2.fastq.gz
SP133	/data1/u0176926/Variant_Calling/raw_data/Second_batch_Spastorianus/SP133_1.fastq.gz	/data1/u0176926/Variant_Calling/raw_data/Second_batch_Spastorianus/SP133_2.fastq.gz
SP31	/data1/u0176926/Variant_Calling/raw_data/Second_batch_Spastorianus/SP31_1.fastq.gz	/data1/u0176926/Variant_Calling/raw_data/Second_batch_Spastorianus/SP31_2.fastq.gz
SP119	/data1/u0176926/Variant_Calling/raw_data/Second_batch_Spastorianus/SP119_1.fastq.gz	/data1/u0176926/Variant_Calling/raw_data/Second_batch_Spastorianus/SP119_2.fastq.gz
SP167	/data1/u0176926/Variant_Calling/raw_data/Second_batch_Spastorianus/SP167_1.fastq.gz	/data1/u0176926/Variant_Calling/raw_data/Second_batch_Spastorianus/SP167_2.fastq.gz
SP78	/data1/u0176926/Variant_Calling/raw_data/Second_batch_Spastorianus/SP78_1.fastq.gz	/data1/u0176926/Variant_Calling/raw_data/Second_batch_Spastorianus/SP78_2.fastq.gz
SP25	/data1/u0176926/Variant_Calling/raw_data/Second_batch_Spastorianus/SP25_1.fastq.gz	/data1/u0176926/Variant_Calling/raw_data/Second_batch_Spastorianus/SP25_2.fastq.gz
SP9	/data1/u0176926/Variant_Calling/raw_data/Second_batch_Spastorianus/SP9_1.fastq.gz	/data1/u0176926/Variant_Calling/raw_data/Second_batch_Spastorianus/SP9_2.fastq.gz
SP11	/data1/u0176926/Variant_Calling/raw_data/Second_batch_Spastorianus/SP11_1.fastq.gz	/data1/u0176926/Variant_Calling/raw_data/Second_batch_Spastorianus/SP11_2.fastq.gz
SP186	/data1/u0176926/Variant_Calling/raw_data/Second_batch_Spastorianus/SP186_1.fastq.gz	/data1/u0176926/Variant_Calling/raw_data/Second_batch_Spastorianus/SP186_2.fastq.gz
SP24	/data1/u0176926/Variant_Calling/raw_data/Second_batch_Spastorianus/SP24_1.fastq.gz	/data1/u0176926/Variant_Calling/raw_data/Second_batch_Spastorianus/SP24_2.fastq.gz
SP195	/data1/u0176926/Variant_Calling/raw_data/Second_batch_Spastorianus/SP195_1.fastq.gz	/data1/u0176926/Variant_Calling/raw_data/Second_batch_Spastorianus/SP195_2.fastq.gz
SP92	/data1/u0176926/Variant_Calling/raw_data/Second_batch_Spastorianus/SP92_1.fastq.gz	/data1/u0176926/Variant_Calling/raw_data/Second_batch_Spastorianus/SP92_2.fastq.gz
SP72	/data1/u0176926/Variant_Calling/raw_data/Second_batch_Spastorianus/SP72_1.fastq.gz	/data1/u0176926/Variant_Calling/raw_data/Second_batch_Spastorianus/SP72_2.fastq.gz
SP157	/data1/u0176926/Variant_Calling/raw_data/Second_batch_Spastorianus/SP157_1.fastq.gz	/data1/u0176926/Variant_Calling/raw_data/Second_batch_Spastorianus/SP157_2.fastq.gz
SP116	/data1/u0176926/Variant_Calling/raw_data/Second_batch_Spastorianus/SP116_1.fastq.gz	/data1/u0176926/Variant_Calling/raw_data/Second_batch_Spastorianus/SP116_2.fastq.gz
SP43	/data1/u0176926/Variant_Calling/raw_data/Second_batch_Spastorianus/SP43_1.fastq.gz	/data1/u0176926/Variant_Calling/raw_data/Second_batch_Spastorianus/SP43_2.fastq.gz
SP187	/data1/u0176926/Variant_Calling/raw_data/Second_batch_Spastorianus/SP187_1.fastq.gz	/data1/u0176926/Variant_Calling/raw_data/Second_batch_Spastorianus/SP187_2.fastq.gz
SP150	/data1/u0176926/Variant_Calling/raw_data/Second_batch_Spastorianus/SP150_1.fastq.gz	/data1/u0176926/Variant_Calling/raw_data/Second_batch_Spastorianus/SP150_2.fastq.gz
SP135	/data1/u0176926/Variant_Calling/raw_data/Second_batch_Spastorianus/SP135_1.fastq.gz	/data1/u0176926/Variant_Calling/raw_data/Second_batch_Spastorianus/SP135_2.fastq.gz
SP194	/data1/u0176926/Variant_Calling/raw_data/Second_batch_Spastorianus/SP194_1.fastq.gz	/data1/u0176926/Variant_Calling/raw_data/Second_batch_Spastorianus/SP194_2.fastq.gz
SP137	/data1/u0176926/Variant_Calling/raw_data/Second_batch_Spastorianus/SP137_1.fastq.gz	/data1/u0176926/Variant_Calling/raw_data/Second_batch_Spastorianus/SP137_2.fastq.gz
SP189	/data1/u0176926/Variant_Calling/raw_data/Second_batch_Spastorianus/SP189_1.fastq.gz	/data1/u0176926/Variant_Calling/raw_data/Second_batch_Spastorianus/SP189_2.fastq.gz
SP90	/data1/u0176926/Variant_Calling/raw_data/Second_batch_Spastorianus/SP90_1.fastq.gz	/data1/u0176926/Variant_Calling/raw_data/Second_batch_Spastorianus/SP90_2.fastq.gz
SP65	/data1/u0176926/Variant_Calling/raw_data/Second_batch_Spastorianus/SP65_1.fastq.gz	/data1/u0176926/Variant_Calling/raw_data/Second_batch_Spastorianus/SP65_2.fastq.gz
SP79	/data1/u0176926/Variant_Calling/raw_data/Second_batch_Spastorianus/SP79_1.fastq.gz	/data1/u0176926/Variant_Calling/raw_data/Second_batch_Spastorianus/SP79_2.fastq.gz
SP125	/data1/u0176926/Variant_Calling/raw_data/Second_batch_Spastorianus/SP125_1.fastq.gz	/data1/u0176926/Variant_Calling/raw_data/Second_batch_Spastorianus/SP125_2.fastq.gz
SP103a	/data1/u0176926/Variant_Calling/raw_data/Second_batch_Spastorianus/SP103a_1.fastq.gz	/data1/u0176926/Variant_Calling/raw_data/Second_batch_Spastorianus/SP103a_2.fastq.gz
SP13	/data1/u0176926/Variant_Calling/raw_data/Second_batch_Spastorianus/SP13_1.fastq.gz	/data1/u0176926/Variant_Calling/raw_data/Second_batch_Spastorianus/SP13_2.fastq.gz
SP93	/data1/u0176926/Variant_Calling/raw_data/Second_batch_Spastorianus/SP93_1.fastq.gz	/data1/u0176926/Variant_Calling/raw_data/Second_batch_Spastorianus/SP93_2.fastq.gz
SP8	/data1/u0176926/Variant_Calling/raw_data/Second_batch_Spastorianus/SP8_1.fastq.gz	/data1/u0176926/Variant_Calling/raw_data/Second_batch_Spastorianus/SP8_2.fastq.gz
SP192	/data1/u0176926/Variant_Calling/raw_data/Second_batch_Spastorianus/SP192_1.fastq.gz	/data1/u0176926/Variant_Calling/raw_data/Second_batch_Spastorianus/SP192_2.fastq.gz
SP82	/data1/u0176926/Variant_Calling/raw_data/Second_batch_Spastorianus/SP82_1.fastq.gz	/data1/u0176926/Variant_Calling/raw_data/Second_batch_Spastorianus/SP82_2.fastq.gz
SP71	/data1/u0176926/Variant_Calling/raw_data/Second_batch_Spastorianus/SP71_1.fastq.gz	/data1/u0176926/Variant_Calling/raw_data/Second_batch_Spastorianus/SP71_2.fastq.gz
SP101a	/data1/u0176926/Variant_Calling/raw_data/Second_batch_Spastorianus/SP101a_1.fastq.gz	/data1/u0176926/Variant_Calling/raw_data/Second_batch_Spastorianus/SP101a_2.fastq.gz
SP35	/data1/u0176926/Variant_Calling/raw_data/Second_batch_Spastorianus/SP35_1.fastq.gz	/data1/u0176926/Variant_Calling/raw_data/Second_batch_Spastorianus/SP35_2.fastq.gz
SP94	/data1/u0176926/Variant_Calling/raw_data/Second_batch_Spastorianus/SP94_1.fastq.gz	/data1/u0176926/Variant_Calling/raw_data/Second_batch_Spastorianus/SP94_2.fastq.gz
SP134	/data1/u0176926/Variant_Calling/raw_data/Second_batch_Spastorianus/SP134_1.fastq.gz	/data1/u0176926/Variant_Calling/raw_data/Second_batch_Spastorianus/SP134_2.fastq.gz
SP140	/data1/u0176926/Variant_Calling/raw_data/Second_batch_Spastorianus/SP140_1.fastq.gz	/data1/u0176926/Variant_Calling/raw_data/Second_batch_Spastorianus/SP140_2.fastq.gz
SP32	/data1/u0176926/Variant_Calling/raw_data/Second_batch_Spastorianus/SP32_1.fastq.gz	/data1/u0176926/Variant_Calling/raw_data/Second_batch_Spastorianus/SP32_2.fastq.gz
SP17	/data1/u0176926/Variant_Calling/raw_data/Second_batch_Spastorianus/SP17_1.fastq.gz	/data1/u0176926/Variant_Calling/raw_data/Second_batch_Spastorianus/SP17_2.fastq.gz
SP154	/data1/u0176926/Variant_Calling/raw_data/Second_batch_Spastorianus/SP154_1.fastq.gz	/data1/u0176926/Variant_Calling/raw_data/Second_batch_Spastorianus/SP154_2.fastq.gz
SP39	/data1/u0176926/Variant_Calling/raw_data/Second_batch_Spastorianus/SP39_1.fastq.gz	/data1/u0176926/Variant_Calling/raw_data/Second_batch_Spastorianus/SP39_2.fastq.gz
SP182	/data1/u0176926/Variant_Calling/raw_data/Second_batch_Spastorianus/SP182_1.fastq.gz	/data1/u0176926/Variant_Calling/raw_data/Second_batch_Spastorianus/SP182_2.fastq.gz
SP122	/data1/u0176926/Variant_Calling/raw_data/Second_batch_Spastorianus/SP122_1.fastq.gz	/data1/u0176926/Variant_Calling/raw_data/Second_batch_Spastorianus/SP122_2.fastq.gz
SP63	/data1/u0176926/Variant_Calling/raw_data/Second_batch_Spastorianus/SP63_1.fastq.gz	/data1/u0176926/Variant_Calling/raw_data/Second_batch_Spastorianus/SP63_2.fastq.gz
SP112	/data1/u0176926/Variant_Calling/raw_data/Second_batch_Spastorianus/SP112_1.fastq.gz	/data1/u0176926/Variant_Calling/raw_data/Second_batch_Spastorianus/SP112_2.fastq.gz
SP177	/data1/u0176926/Variant_Calling/raw_data/Second_batch_Spastorianus/SP177_1.fastq.gz	/data1/u0176926/Variant_Calling/raw_data/Second_batch_Spastorianus/SP177_2.fastq.gz
SP98	/data1/u0176926/Variant_Calling/raw_data/Second_batch_Spastorianus/SP98_1.fastq.gz	/data1/u0176926/Variant_Calling/raw_data/Second_batch_Spastorianus/SP98_2.fastq.gz
SP68	/data1/u0176926/Variant_Calling/raw_data/Second_batch_Spastorianus/SP68_1.fastq.gz	/data1/u0176926/Variant_Calling/raw_data/Second_batch_Spastorianus/SP68_2.fastq.gz
SP97	/data1/u0176926/Variant_Calling/raw_data/Second_batch_Spastorianus/SP97_1.fastq.gz	/data1/u0176926/Variant_Calling/raw_data/Second_batch_Spastorianus/SP97_2.fastq.gz
SP85	/data1/u0176926/Variant_Calling/raw_data/Second_batch_Spastorianus/SP85_1.fastq.gz	/data1/u0176926/Variant_Calling/raw_data/Second_batch_Spastorianus/SP85_2.fastq.gz
SP158	/data1/u0176926/Variant_Calling/raw_data/Second_batch_Spastorianus/SP158_1.fastq.gz	/data1/u0176926/Variant_Calling/raw_data/Second_batch_Spastorianus/SP158_2.fastq.gz
SP15	/data1/u0176926/Variant_Calling/raw_data/Second_batch_Spastorianus/SP15_1.fastq.gz	/data1/u0176926/Variant_Calling/raw_data/Second_batch_Spastorianus/SP15_2.fastq.gz
SP87	/data1/u0176926/Variant_Calling/raw_data/Second_batch_Spastorianus/SP87_1.fastq.gz	/data1/u0176926/Variant_Calling/raw_data/Second_batch_Spastorianus/SP87_2.fastq.gz
SP3	/data1/u0176926/Variant_Calling/raw_data/Second_batch_Spastorianus/SP3_1.fastq.gz	/data1/u0176926/Variant_Calling/raw_data/Second_batch_Spastorianus/SP3_2.fastq.gz
SP18	/data1/u0176926/Variant_Calling/raw_data/Second_batch_Spastorianus/SP18_1.fastq.gz	/data1/u0176926/Variant_Calling/raw_data/Second_batch_Spastorianus/SP18_2.fastq.gz
SP176	/data1/u0176926/Variant_Calling/raw_data/Second_batch_Spastorianus/SP176_1.fastq.gz	/data1/u0176926/Variant_Calling/raw_data/Second_batch_Spastorianus/SP176_2.fastq.gz
SP144	/data1/u0176926/Variant_Calling/raw_data/Second_batch_Spastorianus/SP144_1.fastq.gz	/data1/u0176926/Variant_Calling/raw_data/Second_batch_Spastorianus/SP144_2.fastq.gz
SP190	/data1/u0176926/Variant_Calling/raw_data/Second_batch_Spastorianus/SP190_1.fastq.gz	/data1/u0176926/Variant_Calling/raw_data/Second_batch_Spastorianus/SP190_2.fastq.gz
SP21	/data1/u0176926/Variant_Calling/raw_data/Second_batch_Spastorianus/SP21_1.fastq.gz	/data1/u0176926/Variant_Calling/raw_data/Second_batch_Spastorianus/SP21_2.fastq.gz
SP196	/data1/u0176926/Variant_Calling/raw_data/Second_batch_Spastorianus/SP196_1.fastq.gz	/data1/u0176926/Variant_Calling/raw_data/Second_batch_Spastorianus/SP196_2.fastq.gz
SP74	/data1/u0176926/Variant_Calling/raw_data/Second_batch_Spastorianus/SP74_1.fastq.gz	/data1/u0176926/Variant_Calling/raw_data/Second_batch_Spastorianus/SP74_2.fastq.gz
SP51	/data1/u0176926/Variant_Calling/raw_data/Second_batch_Spastorianus/SP51_1.fastq.gz	/data1/u0176926/Variant_Calling/raw_data/Second_batch_Spastorianus/SP51_2.fastq.gz
SP50	/data1/u0176926/Variant_Calling/raw_data/Second_batch_Spastorianus/SP50_1.fastq.gz	/data1/u0176926/Variant_Calling/raw_data/Second_batch_Spastorianus/SP50_2.fastq.gz
SP70	/data1/u0176926/Variant_Calling/raw_data/Second_batch_Spastorianus/SP70_1.fastq.gz	/data1/u0176926/Variant_Calling/raw_data/Second_batch_Spastorianus/SP70_2.fastq.gz
SP86	/data1/u0176926/Variant_Calling/raw_data/Second_batch_Spastorianus/SP86_1.fastq.gz	/data1/u0176926/Variant_Calling/raw_data/Second_batch_Spastorianus/SP86_2.fastq.gz
SP197	/data1/u0176926/Variant_Calling/raw_data/Second_batch_Spastorianus/SP197_1.fastq.gz	/data1/u0176926/Variant_Calling/raw_data/Second_batch_Spastorianus/SP197_2.fastq.gz
SP96	/data1/u0176926/Variant_Calling/raw_data/Second_batch_Spastorianus/SP96_1.fastq.gz	/data1/u0176926/Variant_Calling/raw_data/Second_batch_Spastorianus/SP96_2.fastq.gz
SP146	/data1/u0176926/Variant_Calling/raw_data/Second_batch_Spastorianus/SP146_1.fastq.gz	/data1/u0176926/Variant_Calling/raw_data/Second_batch_Spastorianus/SP146_2.fastq.gz
SP66	/data1/u0176926/Variant_Calling/raw_data/Second_batch_Spastorianus/SP66_1.fastq.gz	/data1/u0176926/Variant_Calling/raw_data/Second_batch_Spastorianus/SP66_2.fastq.gz
SP36	/data1/u0176926/Variant_Calling/raw_data/Second_batch_Spastorianus/SP36_1.fastq.gz	/data1/u0176926/Variant_Calling/raw_data/Second_batch_Spastorianus/SP36_2.fastq.gz
SP49	/data1/u0176926/Variant_Calling/raw_data/Second_batch_Spastorianus/SP49_1.fastq.gz	/data1/u0176926/Variant_Calling/raw_data/Second_batch_Spastorianus/SP49_2.fastq.gz
SP147	/data1/u0176926/Variant_Calling/raw_data/Second_batch_Spastorianus/SP147_1.fastq.gz	/data1/u0176926/Variant_Calling/raw_data/Second_batch_Spastorianus/SP147_2.fastq.gz
SP80	/data1/u0176926/Variant_Calling/raw_data/Second_batch_Spastorianus/SP80_1.fastq.gz	/data1/u0176926/Variant_Calling/raw_data/Second_batch_Spastorianus/SP80_2.fastq.gz
SP132	/data1/u0176926/Variant_Calling/raw_data/Second_batch_Spastorianus/SP132_1.fastq.gz	/data1/u0176926/Variant_Calling/raw_data/Second_batch_Spastorianus/SP132_2.fastq.gz
SP153	/data1/u0176926/Variant_Calling/raw_data/Second_batch_Spastorianus/SP153_1.fastq.gz	/data1/u0176926/Variant_Calling/raw_data/Second_batch_Spastorianus/SP153_2.fastq.gz
SP164	/data1/u0176926/Variant_Calling/raw_data/Second_batch_Spastorianus/SP164_1.fastq.gz	/data1/u0176926/Variant_Calling/raw_data/Second_batch_Spastorianus/SP164_2.fastq.gz
SP127	/data1/u0176926/Variant_Calling/raw_data/Second_batch_Spastorianus/SP127_1.fastq.gz	/data1/u0176926/Variant_Calling/raw_data/Second_batch_Spastorianus/SP127_2.fastq.gz
SP67	/data1/u0176926/Variant_Calling/raw_data/Second_batch_Spastorianus/SP67_1.fastq.gz	/data1/u0176926/Variant_Calling/raw_data/Second_batch_Spastorianus/SP67_2.fastq.gz
SP152	/data1/u0176926/Variant_Calling/raw_data/Second_batch_Spastorianus/SP152_1.fastq.gz	/data1/u0176926/Variant_Calling/raw_data/Second_batch_Spastorianus/SP152_2.fastq.gz
SP26	/data1/u0176926/Variant_Calling/raw_data/Second_batch_Spastorianus/SP26_1.fastq.gz	/data1/u0176926/Variant_Calling/raw_data/Second_batch_Spastorianus/SP26_2.fastq.gz
SP102a	/data1/u0176926/Variant_Calling/raw_data/Second_batch_Spastorianus/SP102a_1.fastq.gz	/data1/u0176926/Variant_Calling/raw_data/Second_batch_Spastorianus/SP102a_2.fastq.gz
SP180	/data1/u0176926/Variant_Calling/raw_data/Second_batch_Spastorianus/SP180_1.fastq.gz	/data1/u0176926/Variant_Calling/raw_data/Second_batch_Spastorianus/SP180_2.fastq.gz
SP191	/data1/u0176926/Variant_Calling/raw_data/Second_batch_Spastorianus/SP191_1.fastq.gz	/data1/u0176926/Variant_Calling/raw_data/Second_batch_Spastorianus/SP191_2.fastq.gz
SP161	/data1/u0176926/Variant_Calling/raw_data/Second_batch_Spastorianus/SP161_1.fastq.gz	/data1/u0176926/Variant_Calling/raw_data/Second_batch_Spastorianus/SP161_2.fastq.gz
SP120	/data1/u0176926/Variant_Calling/raw_data/Second_batch_Spastorianus/SP120_1.fastq.gz	/data1/u0176926/Variant_Calling/raw_data/Second_batch_Spastorianus/SP120_2.fastq.gz
SP111	/data1/u0176926/Variant_Calling/raw_data/Second_batch_Spastorianus/SP111_1.fastq.gz	/data1/u0176926/Variant_Calling/raw_data/Second_batch_Spastorianus/SP111_2.fastq.gz
SP88	/data1/u0176926/Variant_Calling/raw_data/Second_batch_Spastorianus/SP88_1.fastq.gz	/data1/u0176926/Variant_Calling/raw_data/Second_batch_Spastorianus/SP88_2.fastq.gz
SP136	/data1/u0176926/Variant_Calling/raw_data/Second_batch_Spastorianus/SP136_1.fastq.gz	/data1/u0176926/Variant_Calling/raw_data/Second_batch_Spastorianus/SP136_2.fastq.gz
SP174	/data1/u0176926/Variant_Calling/raw_data/Second_batch_Spastorianus/SP174_1.fastq.gz	/data1/u0176926/Variant_Calling/raw_data/Second_batch_Spastorianus/SP174_2.fastq.gz
SP16	/data1/u0176926/Variant_Calling/raw_data/Second_batch_Spastorianus/SP16_1.fastq.gz	/data1/u0176926/Variant_Calling/raw_data/Second_batch_Spastorianus/SP16_2.fastq.gz
SP76	/data1/u0176926/Variant_Calling/raw_data/Second_batch_Spastorianus/SP76_1.fastq.gz	/data1/u0176926/Variant_Calling/raw_data/Second_batch_Spastorianus/SP76_2.fastq.gz
SP37	/data1/u0176926/Variant_Calling/raw_data/Second_batch_Spastorianus/SP37_1.fastq.gz	/data1/u0176926/Variant_Calling/raw_data/Second_batch_Spastorianus/SP37_2.fastq.gz
SP104a	/data1/u0176926/Variant_Calling/raw_data/Second_batch_Spastorianus/SP104a_1.fastq.gz	/data1/u0176926/Variant_Calling/raw_data/Second_batch_Spastorianus/SP104a_2.fastq.gz
SP139	/data1/u0176926/Variant_Calling/raw_data/Second_batch_Spastorianus/SP139_1.fastq.gz	/data1/u0176926/Variant_Calling/raw_data/Second_batch_Spastorianus/SP139_2.fastq.gz
SP34	/data1/u0176926/Variant_Calling/raw_data/Second_batch_Spastorianus/SP34_1.fastq.gz	/data1/u0176926/Variant_Calling/raw_data/Second_batch_Spastorianus/SP34_2.fastq.gz
SP145	/data1/u0176926/Variant_Calling/raw_data/Second_batch_Spastorianus/SP145_1.fastq.gz	/data1/u0176926/Variant_Calling/raw_data/Second_batch_Spastorianus/SP145_2.fastq.gz
SP1	/data1/u0176926/Variant_Calling/raw_data/Second_batch_Spastorianus/SP1_1.fastq.gz	/data1/u0176926/Variant_Calling/raw_data/Second_batch_Spastorianus/SP1_2.fastq.gz
SP46	/data1/u0176926/Variant_Calling/raw_data/Second_batch_Spastorianus/SP46_1.fastq.gz	/data1/u0176926/Variant_Calling/raw_data/Second_batch_Spastorianus/SP46_2.fastq.gz
SP128	/data1/u0176926/Variant_Calling/raw_data/Second_batch_Spastorianus/SP128_1.fastq.gz	/data1/u0176926/Variant_Calling/raw_data/Second_batch_Spastorianus/SP128_2.fastq.gz
SP28	/data1/u0176926/Variant_Calling/raw_data/Second_batch_Spastorianus/SP28_1.fastq.gz	/data1/u0176926/Variant_Calling/raw_data/Second_batch_Spastorianus/SP28_2.fastq.gz
SP110	/data1/u0176926/Variant_Calling/raw_data/Second_batch_Spastorianus/SP110_1.fastq.gz	/data1/u0176926/Variant_Calling/raw_data/Second_batch_Spastorianus/SP110_2.fastq.gz
SP30	/data1/u0176926/Variant_Calling/raw_data/Second_batch_Spastorianus/SP30_1.fastq.gz	/data1/u0176926/Variant_Calling/raw_data/Second_batch_Spastorianus/SP30_2.fastq.gz
SP184	/data1/u0176926/Variant_Calling/raw_data/Second_batch_Spastorianus/SP184_1.fastq.gz	/data1/u0176926/Variant_Calling/raw_data/Second_batch_Spastorianus/SP184_2.fastq.gz
SP23	/data1/u0176926/Variant_Calling/raw_data/Second_batch_Spastorianus/SP23_1.fastq.gz	/data1/u0176926/Variant_Calling/raw_data/Second_batch_Spastorianus/SP23_2.fastq.gz
SP109	/data1/u0176926/Variant_Calling/raw_data/Second_batch_Spastorianus/SP109_1.fastq.gz	/data1/u0176926/Variant_Calling/raw_data/Second_batch_Spastorianus/SP109_2.fastq.gz
SP44	/data1/u0176926/Variant_Calling/raw_data/Second_batch_Spastorianus/SP44_1.fastq.gz	/data1/u0176926/Variant_Calling/raw_data/Second_batch_Spastorianus/SP44_2.fastq.gz
SP106a	/data1/u0176926/Variant_Calling/raw_data/Second_batch_Spastorianus/SP106a_1.fastq.gz	/data1/u0176926/Variant_Calling/raw_data/Second_batch_Spastorianus/SP106a_2.fastq.gz
SP73	/data1/u0176926/Variant_Calling/raw_data/Second_batch_Spastorianus/SP73_1.fastq.gz	/data1/u0176926/Variant_Calling/raw_data/Second_batch_Spastorianus/SP73_2.fastq.gz
SP48	/data1/u0176926/Variant_Calling/raw_data/Second_batch_Spastorianus/SP48_1.fastq.gz	/data1/u0176926/Variant_Calling/raw_data/Second_batch_Spastorianus/SP48_2.fastq.gz
SP107a	/data1/u0176926/Variant_Calling/raw_data/Second_batch_Spastorianus/SP107a_1.fastq.gz	/data1/u0176926/Variant_Calling/raw_data/Second_batch_Spastorianus/SP107a_2.fastq.gz
SP108a	/data1/u0176926/Variant_Calling/raw_data/Second_batch_Spastorianus/SP108a_1.fastq.gz	/data1/u0176926/Variant_Calling/raw_data/Second_batch_Spastorianus/SP108a_2.fastq.gz
SP169	/data1/u0176926/Variant_Calling/raw_data/Second_batch_Spastorianus/SP169_1.fastq.gz	/data1/u0176926/Variant_Calling/raw_data/Second_batch_Spastorianus/SP169_2.fastq.gz
SP162	/data1/u0176926/Variant_Calling/raw_data/Second_batch_Spastorianus/SP162_1.fastq.gz	/data1/u0176926/Variant_Calling/raw_data/Second_batch_Spastorianus/SP162_2.fastq.gz
SP33	/data1/u0176926/Variant_Calling/raw_data/Second_batch_Spastorianus/SP33_1.fastq.gz	/data1/u0176926/Variant_Calling/raw_data/Second_batch_Spastorianus/SP33_2.fastq.gz
SP6	/data1/u0176926/Variant_Calling/raw_data/Second_batch_Spastorianus/SP6_1.fastq.gz	/data1/u0176926/Variant_Calling/raw_data/Second_batch_Spastorianus/SP6_2.fastq.gz
SP173	/data1/u0176926/Variant_Calling/raw_data/Second_batch_Spastorianus/SP173_1.fastq.gz	/data1/u0176926/Variant_Calling/raw_data/Second_batch_Spastorianus/SP173_2.fastq.gz
SP129	/data1/u0176926/Variant_Calling/raw_data/Second_batch_Spastorianus/SP129_1.fastq.gz	/data1/u0176926/Variant_Calling/raw_data/Second_batch_Spastorianus/SP129_2.fastq.gz
SP166	/data1/u0176926/Variant_Calling/raw_data/Second_batch_Spastorianus/SP166_1.fastq.gz	/data1/u0176926/Variant_Calling/raw_data/Second_batch_Spastorianus/SP166_2.fastq.gz
SP27	/data1/u0176926/Variant_Calling/raw_data/Second_batch_Spastorianus/SP27_1.fastq.gz	/data1/u0176926/Variant_Calling/raw_data/Second_batch_Spastorianus/SP27_2.fastq.gz
SP45	/data1/u0176926/Variant_Calling/raw_data/Second_batch_Spastorianus/SP45_1.fastq.gz	/data1/u0176926/Variant_Calling/raw_data/Second_batch_Spastorianus/SP45_2.fastq.gz
SP61	/data1/u0176926/Variant_Calling/raw_data/Second_batch_Spastorianus/SP61_1.fastq.gz	/data1/u0176926/Variant_Calling/raw_data/Second_batch_Spastorianus/SP61_2.fastq.gz
SP22	/data1/u0176926/Variant_Calling/raw_data/Second_batch_Spastorianus/SP22_1.fastq.gz	/data1/u0176926/Variant_Calling/raw_data/Second_batch_Spastorianus/SP22_2.fastq.gz
SP123	/data1/u0176926/Variant_Calling/raw_data/Second_batch_Spastorianus/SP123_1.fastq.gz	/data1/u0176926/Variant_Calling/raw_data/Second_batch_Spastorianus/SP123_2.fastq.gz
SP41	/data1/u0176926/Variant_Calling/raw_data/Second_batch_Spastorianus/SP41_1.fastq.gz	/data1/u0176926/Variant_Calling/raw_data/Second_batch_Spastorianus/SP41_2.fastq.gz
SP52	/data1/u0176926/Variant_Calling/raw_data/Second_batch_Spastorianus/SP52_1.fastq.gz	/data1/u0176926/Variant_Calling/raw_data/Second_batch_Spastorianus/SP52_2.fastq.gz
SP183	/data1/u0176926/Variant_Calling/raw_data/Second_batch_Spastorianus/SP183_1.fastq.gz	/data1/u0176926/Variant_Calling/raw_data/Second_batch_Spastorianus/SP183_2.fastq.gz
SP75	/data1/u0176926/Variant_Calling/raw_data/Second_batch_Spastorianus/SP75_1.fastq.gz	/data1/u0176926/Variant_Calling/raw_data/Second_batch_Spastorianus/SP75_2.fastq.gz
SP57	/data1/u0176926/Variant_Calling/raw_data/Second_batch_Spastorianus/SP57_1.fastq.gz	/data1/u0176926/Variant_Calling/raw_data/Second_batch_Spastorianus/SP57_2.fastq.gz
SP159	/data1/u0176926/Variant_Calling/raw_data/Second_batch_Spastorianus/SP159_1.fastq.gz	/data1/u0176926/Variant_Calling/raw_data/Second_batch_Spastorianus/SP159_2.fastq.gz
SP130	/data1/u0176926/Variant_Calling/raw_data/Second_batch_Spastorianus/SP130_1.fastq.gz	/data1/u0176926/Variant_Calling/raw_data/Second_batch_Spastorianus/SP130_2.fastq.gz
SP29	/data1/u0176926/Variant_Calling/raw_data/Second_batch_Spastorianus/SP29_1.fastq.gz	/data1/u0176926/Variant_Calling/raw_data/Second_batch_Spastorianus/SP29_2.fastq.gz
SP171	/data1/u0176926/Variant_Calling/raw_data/Second_batch_Spastorianus/SP171_1.fastq.gz	/data1/u0176926/Variant_Calling/raw_data/Second_batch_Spastorianus/SP171_2.fastq.gz
SP81	/data1/u0176926/Variant_Calling/raw_data/Second_batch_Spastorianus/SP81_1.fastq.gz	/data1/u0176926/Variant_Calling/raw_data/Second_batch_Spastorianus/SP81_2.fastq.gz
SP168	/data1/u0176926/Variant_Calling/raw_data/Second_batch_Spastorianus/SP168_1.fastq.gz	/data1/u0176926/Variant_Calling/raw_data/Second_batch_Spastorianus/SP168_2.fastq.gz
SP89	/data1/u0176926/Variant_Calling/raw_data/Second_batch_Spastorianus/SP89_1.fastq.gz	/data1/u0176926/Variant_Calling/raw_data/Second_batch_Spastorianus/SP89_2.fastq.gz
SP156	/data1/u0176926/Variant_Calling/raw_data/Second_batch_Spastorianus/SP156_1.fastq.gz	/data1/u0176926/Variant_Calling/raw_data/Second_batch_Spastorianus/SP156_2.fastq.gz
SP60	/data1/u0176926/Variant_Calling/raw_data/Second_batch_Spastorianus/SP60_1.fastq.gz	/data1/u0176926/Variant_Calling/raw_data/Second_batch_Spastorianus/SP60_2.fastq.gz
SP58	/data1/u0176926/Variant_Calling/raw_data/Second_batch_Spastorianus/SP58_1.fastq.gz	/data1/u0176926/Variant_Calling/raw_data/Second_batch_Spastorianus/SP58_2.fastq.gz
SP178	/data1/u0176926/Variant_Calling/raw_data/Second_batch_Spastorianus/SP178_1.fastq.gz	/data1/u0176926/Variant_Calling/raw_data/Second_batch_Spastorianus/SP178_2.fastq.gz
SP141	/data1/u0176926/Variant_Calling/raw_data/Second_batch_Spastorianus/SP141_1.fastq.gz	/data1/u0176926/Variant_Calling/raw_data/Second_batch_Spastorianus/SP141_2.fastq.gz
SP54	/data1/u0176926/Variant_Calling/raw_data/Second_batch_Spastorianus/SP54_1.fastq.gz	/data1/u0176926/Variant_Calling/raw_data/Second_batch_Spastorianus/SP54_2.fastq.gz
SP170	/data1/u0176926/Variant_Calling/raw_data/Second_batch_Spastorianus/SP170_1.fastq.gz	/data1/u0176926/Variant_Calling/raw_data/Second_batch_Spastorianus/SP170_2.fastq.gz
SP42	/data1/u0176926/Variant_Calling/raw_data/Second_batch_Spastorianus/SP42_1.fastq.gz	/data1/u0176926/Variant_Calling/raw_data/Second_batch_Spastorianus/SP42_2.fastq.gz
SP12	/data1/u0176926/Variant_Calling/raw_data/Second_batch_Spastorianus/SP12_1.fastq.gz	/data1/u0176926/Variant_Calling/raw_data/Second_batch_Spastorianus/SP12_2.fastq.gz
SP117	/data1/u0176926/Variant_Calling/raw_data/Second_batch_Spastorianus/SP117_1.fastq.gz	/data1/u0176926/Variant_Calling/raw_data/Second_batch_Spastorianus/SP117_2.fastq.gz
SP14	/data1/u0176926/Variant_Calling/raw_data/Second_batch_Spastorianus/SP14_1.fastq.gz	/data1/u0176926/Variant_Calling/raw_data/Second_batch_Spastorianus/SP14_2.fastq.gz
SP2	/data1/u0176926/Variant_Calling/raw_data/Second_batch_Spastorianus/SP2_1.fastq.gz	/data1/u0176926/Variant_Calling/raw_data/Second_batch_Spastorianus/SP2_2.fastq.gz
SP124	/data1/u0176926/Variant_Calling/raw_data/Second_batch_Spastorianus/SP124_1.fastq.gz	/data1/u0176926/Variant_Calling/raw_data/Second_batch_Spastorianus/SP124_2.fastq.gz
SP56	/data1/u0176926/Variant_Calling/raw_data/Second_batch_Spastorianus/SP56_1.fastq.gz	/data1/u0176926/Variant_Calling/raw_data/Second_batch_Spastorianus/SP56_2.fastq.gz
SP84	/data1/u0176926/Variant_Calling/raw_data/Second_batch_Spastorianus/SP84_1.fastq.gz	/data1/u0176926/Variant_Calling/raw_data/Second_batch_Spastorianus/SP84_2.fastq.gz
SP4	/data1/u0176926/Variant_Calling/raw_data/Second_batch_Spastorianus/SP4_1.fastq.gz	/data1/u0176926/Variant_Calling/raw_data/Second_batch_Spastorianus/SP4_2.fastq.gz
SP185	/data1/u0176926/Variant_Calling/raw_data/Second_batch_Spastorianus/SP185_1.fastq.gz	/data1/u0176926/Variant_Calling/raw_data/Second_batch_Spastorianus/SP185_2.fastq.gz
SP113	/data1/u0176926/Variant_Calling/raw_data/Second_batch_Spastorianus/SP113_1.fastq.gz	/data1/u0176926/Variant_Calling/raw_data/Second_batch_Spastorianus/SP113_2.fastq.gz
SP188	/data1/u0176926/Variant_Calling/raw_data/Second_batch_Spastorianus/SP188_1.fastq.gz	/data1/u0176926/Variant_Calling/raw_data/Second_batch_Spastorianus/SP188_2.fastq.gz
SP193	/data1/u0176926/Variant_Calling/raw_data/Second_batch_Spastorianus/SP193_1.fastq.gz	/data1/u0176926/Variant_Calling/raw_data/Second_batch_Spastorianus/SP193_2.fastq.gz
SP142	/data1/u0176926/Variant_Calling/raw_data/Second_batch_Spastorianus/SP142_1.fastq.gz	/data1/u0176926/Variant_Calling/raw_data/Second_batch_Spastorianus/SP142_2.fastq.gz
SP62	/data1/u0176926/Variant_Calling/raw_data/Second_batch_Spastorianus/SP62_1.fastq.gz	/data1/u0176926/Variant_Calling/raw_data/Second_batch_Spastorianus/SP62_2.fastq.gz
SP118	/data1/u0176926/Variant_Calling/raw_data/Second_batch_Spastorianus/SP118_1.fastq.gz	/data1/u0176926/Variant_Calling/raw_data/Second_batch_Spastorianus/SP118_2.fastq.gz
SP114	/data1/u0176926/Variant_Calling/raw_data/Second_batch_Spastorianus/SP114_1.fastq.gz	/data1/u0176926/Variant_Calling/raw_data/Second_batch_Spastorianus/SP114_2.fastq.gz
SP165	/data1/u0176926/Variant_Calling/raw_data/Second_batch_Spastorianus/SP165_1.fastq.gz	/data1/u0176926/Variant_Calling/raw_data/Second_batch_Spastorianus/SP165_2.fastq.gz
SP10	/data1/u0176926/Variant_Calling/raw_data/Second_batch_Spastorianus/SP10_1.fastq.gz	/data1/u0176926/Variant_Calling/raw_data/Second_batch_Spastorianus/SP10_2.fastq.gz
SP83	/data1/u0176926/Variant_Calling/raw_data/Second_batch_Spastorianus/SP83_1.fastq.gz	/data1/u0176926/Variant_Calling/raw_data/Second_batch_Spastorianus/SP83_2.fastq.gz
SP149	/data1/u0176926/Variant_Calling/raw_data/Second_batch_Spastorianus/SP149_1.fastq.gz	/data1/u0176926/Variant_Calling/raw_data/Second_batch_Spastorianus/SP149_2.fastq.gz
SP64	/data1/u0176926/Variant_Calling/raw_data/Second_batch_Spastorianus/SP64_1.fastq.gz	/data1/u0176926/Variant_Calling/raw_data/Second_batch_Spastorianus/SP64_2.fastq.gz
SP115	/data1/u0176926/Variant_Calling/raw_data/Second_batch_Spastorianus/SP115_1.fastq.gz	/data1/u0176926/Variant_Calling/raw_data/Second_batch_Spastorianus/SP115_2.fastq.gz
SP38	/data1/u0176926/Variant_Calling/raw_data/Second_batch_Spastorianus/SP38_1.fastq.gz	/data1/u0176926/Variant_Calling/raw_data/Second_batch_Spastorianus/SP38_2.fastq.gz
SP138	/data1/u0176926/Variant_Calling/raw_data/Second_batch_Spastorianus/SP138_1.fastq.gz	/data1/u0176926/Variant_Calling/raw_data/Second_batch_Spastorianus/SP138_2.fastq.gz
SP172	/data1/u0176926/Variant_Calling/raw_data/Second_batch_Spastorianus/SP172_1.fastq.gz	/data1/u0176926/Variant_Calling/raw_data/Second_batch_Spastorianus/SP172_2.fastq.gz
SP91	/data1/u0176926/Variant_Calling/raw_data/Second_batch_Spastorianus/SP91_1.fastq.gz	/data1/u0176926/Variant_Calling/raw_data/Second_batch_Spastorianus/SP91_2.fastq.gz
SP121	/data1/u0176926/Variant_Calling/raw_data/Second_batch_Spastorianus/SP121_1.fastq.gz	/data1/u0176926/Variant_Calling/raw_data/Second_batch_Spastorianus/SP121_2.fastq.gz
SP181	/data1/u0176926/Variant_Calling/raw_data/Second_batch_Spastorianus/SP181_1.fastq.gz	/data1/u0176926/Variant_Calling/raw_data/Second_batch_Spastorianus/SP181_2.fastq.gz
SP19	/data1/u0176926/Variant_Calling/raw_data/Second_batch_Spastorianus/SP19_1.fastq.gz	/data1/u0176926/Variant_Calling/raw_data/Second_batch_Spastorianus/SP19_2.fastq.gz
SP175	/data1/u0176926/Variant_Calling/raw_data/Second_batch_Spastorianus/SP175_1.fastq.gz	/data1/u0176926/Variant_Calling/raw_data/Second_batch_Spastorianus/SP175_2.fastq.gz
SP126	/data1/u0176926/Variant_Calling/raw_data/Second_batch_Spastorianus/SP126_1.fastq.gz	/data1/u0176926/Variant_Calling/raw_data/Second_batch_Spastorianus/SP126_2.fastq.gz
SP99	/data1/u0176926/Variant_Calling/raw_data/Second_batch_Spastorianus/SP99_1.fastq.gz	/data1/u0176926/Variant_Calling/raw_data/Second_batch_Spastorianus/SP99_2.fastq.gz
SP131	/data1/u0176926/Variant_Calling/raw_data/Second_batch_Spastorianus/SP131_1.fastq.gz	/data1/u0176926/Variant_Calling/raw_data/Second_batch_Spastorianus/SP131_2.fastq.gz
SP59	/data1/u0176926/Variant_Calling/raw_data/Second_batch_Spastorianus/SP59_1.fastq.gz	/data1/u0176926/Variant_Calling/raw_data/Second_batch_Spastorianus/SP59_2.fastq.gz
SP53	/data1/u0176926/Variant_Calling/raw_data/Second_batch_Spastorianus/SP53_1.fastq.gz	/data1/u0176926/Variant_Calling/raw_data/Second_batch_Spastorianus/SP53_2.fastq.gz
SP160	/data1/u0176926/Variant_Calling/raw_data/Second_batch_Spastorianus/SP160_1.fastq.gz	/data1/u0176926/Variant_Calling/raw_data/Second_batch_Spastorianus/SP160_2.fastq.gz
SP5	/data1/u0176926/Variant_Calling/raw_data/Second_batch_Spastorianus/SP5_1.fastq.gz	/data1/u0176926/Variant_Calling/raw_data/Second_batch_Spastorianus/SP5_2.fastq.gz
SP7	/data1/u0176926/Variant_Calling/raw_data/Second_batch_Spastorianus/SP7_1.fastq.gz	/data1/u0176926/Variant_Calling/raw_data/Second_batch_Spastorianus/SP7_2.fastq.gz
SP77	/data1/u0176926/Variant_Calling/raw_data/Second_batch_Spastorianus/SP77_1.fastq.gz	/data1/u0176926/Variant_Calling/raw_data/Second_batch_Spastorianus/SP77_2.fastq.gz
SP143	/data1/u0176926/Variant_Calling/raw_data/Second_batch_Spastorianus/SP143_1.fastq.gz	/data1/u0176926/Variant_Calling/raw_data/Second_batch_Spastorianus/SP143_2.fastq.gz
